[
    {
        "name": "Empty",
        "location": [
            2.9138851165771484,
            2.2238175868988037,
            -25.87647247314453
        ]
    },
    {
        "name": "Empty.001",
        "location": [
            -1.9676589965820312,
            0.4596050977706909,
            -20.276277542114258
        ]
    },
    {
        "name": "Empty.002",
        "location": [
            0.9885949492454529,
            1.9623658657073975,
            -14.91141414642334
        ]
    },
    {
        "name": "Empty.003",
        "location": [
            1.1637580394744873,
            2.59324312210083,
            -14.723310470581055
        ]
    },
    {
        "name": "Empty.004",
        "location": [
            -1.491733431816101,
            1.7197332382202148,
            -8.401541709899902
        ]
    },
    {
        "name": "Empty.005",
        "location": [
            1.566571831703186,
            3.3376572132110596,
            -3.006894826889038
        ]
    },
    {
        "name": "Empty.006",
        "location": [
            1.4544157981872559,
            3.3402326107025146,
            -2.8624989986419678
        ]
    },
    {
        "name": "Empty.007",
        "location": [
            -1.2061024904251099,
            2.841658592224121,
            0.9686396718025208
        ]
    },
    {
        "name": "Empty.008",
        "location": [
            1.4450931549072266,
            3.837165594100952,
            4.590114593505859
        ]
    },
    {
        "name": "Empty.009",
        "location": [
            1.1503807306289673,
            3.4882431030273438,
            4.8295369148254395
        ]
    },
    {
        "name": "Empty.010",
        "location": [
            -0.7063056826591492,
            2.843956470489502,
            8.946300506591797
        ]
    },
    {
        "name": "Empty.011",
        "location": [
            1.7928460836410522,
            3.34505033493042,
            11.693902969360352
        ]
    },
    {
        "name": "Empty.012",
        "location": [
            2.0874574184417725,
            3.8448381423950195,
            12.100177764892578
        ]
    },
    {
        "name": "Empty.013",
        "location": [
            1.5266021490097046,
            3.0933849811553955,
            16.497079849243164
        ]
    },
    {
        "name": "Empty.014",
        "location": [
            4.916942596435547,
            4.843179702758789,
            18.111480712890625
        ]
    },
    {
        "name": "Empty.015",
        "location": [
            5.216366291046143,
            5.7177228927612305,
            18.22321891784668
        ]
    },
    {
        "name": "Empty.016",
        "location": [
            7.140528678894043,
            4.593380451202393,
            20.992591857910156
        ]
    },
    {
        "name": "Empty.017",
        "location": [
            9.551273345947266,
            5.732761383056641,
            21.751314163208008
        ]
    },
    {
        "name": "Empty.018",
        "location": [
            9.661897659301758,
            5.96733283996582,
            22.222932815551758
        ]
    },
    {
        "name": "Empty.019",
        "location": [
            12.30820083618164,
            5.233273506164551,
            23.850831985473633
        ]
    },
    {
        "name": "Empty.020",
        "location": [
            14.656881332397461,
            6.219295978546143,
            23.450401306152344
        ]
    },
    {
        "name": "Empty.021",
        "location": [
            15.098530769348145,
            6.095044136047363,
            23.72005844116211
        ]
    },
    {
        "name": "Empty.022",
        "location": [
            17.040651321411133,
            5.343358516693115,
            25.890758514404297
        ]
    },
    {
        "name": "Empty.023",
        "location": [
            19.53258514404297,
            6.099895477294922,
            26.25709342956543
        ]
    },
    {
        "name": "Empty.024",
        "location": [
            20.172821044921875,
            5.971491813659668,
            26.402360916137695
        ]
    },
    {
        "name": "Empty.025",
        "location": [
            22.915414810180664,
            5.468260288238525,
            27.549646377563477
        ]
    },
    {
        "name": "Empty.026",
        "location": [
            25.777812957763672,
            6.719235897064209,
            26.834577560424805
        ]
    },
    {
        "name": "Empty.027",
        "location": [
            26.268796920776367,
            6.71903657913208,
            26.728527069091797
        ]
    },
    {
        "name": "Empty.028",
        "location": [
            30.40493392944336,
            5.218596935272217,
            27.34503746032715
        ]
    },
    {
        "name": "Empty.029",
        "location": [
            32.396522521972656,
            6.21605920791626,
            23.697784423828125
        ]
    },
    {
        "name": "Empty.030",
        "location": [
            32.788516998291016,
            5.965298652648926,
            23.431697845458984
        ]
    },
    {
        "name": "Empty.031",
        "location": [
            36.548248291015625,
            6.108434677124023,
            22.72942352294922
        ]
    },
    {
        "name": "Empty.032",
        "location": [
            37.89506912231445,
            6.475536346435547,
            18.972719192504883
        ]
    },
    {
        "name": "Empty.033",
        "location": [
            38.29092025756836,
            6.337291717529297,
            18.619220733642578
        ]
    },
    {
        "name": "Empty.034",
        "location": [
            42.012969970703125,
            5.840769290924072,
            17.570831298828125
        ]
    },
    {
        "name": "Empty.035",
        "location": [
            43.14848709106445,
            6.469355583190918,
            14.096744537353516
        ]
    },
    {
        "name": "Empty.036",
        "location": [
            43.6796760559082,
            6.216481685638428,
            13.598916053771973
        ]
    },
    {
        "name": "Empty.037",
        "location": [
            49.79217529296875,
            4.844113826751709,
            12.302543640136719
        ]
    },
    {
        "name": "Empty.038",
        "location": [
            52.759456634521484,
            6.219719409942627,
            6.472753047943115
        ]
    },
    {
        "name": "Empty.039",
        "location": [
            53.290382385253906,
            5.715611457824707,
            6.2703537940979
        ]
    },
    {
        "name": "Empty.040",
        "location": [
            58.88869857788086,
            5.5964674949646,
            2.7270379066467285
        ]
    },
    {
        "name": "Empty.041",
        "location": [
            58.27766418457031,
            6.967803478240967,
            -4.651906490325928
        ]
    }
]