[
    {
        "name": "Empty",
        "location": [
            -4.448514938354492,
            20.092620849609375,
            -12.477569580078125
        ]
    },
    {
        "name": "Empty.001",
        "location": [
            -7.853297710418701,
            17.819440841674805,
            -6.32891845703125
        ]
    },
    {
        "name": "Empty.002",
        "location": [
            -3.7704412937164307,
            18.575111389160156,
            -1.358443021774292
        ]
    },
    {
        "name": "Empty.003",
        "location": [
            -3.9285194873809814,
            18.946386337280273,
            -0.9668992757797241
        ]
    },
    {
        "name": "Empty.004",
        "location": [
            -4.888007640838623,
            17.695499420166016,
            5.545016288757324
        ]
    },
    {
        "name": "Empty.005",
        "location": [
            -1.0514589548110962,
            18.819059371948242,
            10.007293701171875
        ]
    },
    {
        "name": "Empty.006",
        "location": [
            -0.9321295022964478,
            18.82033920288086,
            10.282816886901855
        ]
    },
    {
        "name": "Empty.007",
        "location": [
            -2.874605655670166,
            17.571914672851562,
            14.29639720916748
        ]
    },
    {
        "name": "Empty.008",
        "location": [
            0.8244644403457642,
            18.822601318359375,
            17.4724063873291
        ]
    },
    {
        "name": "Empty.009",
        "location": [
            0.6996495127677917,
            18.196212768554688,
            17.597795486450195
        ]
    },
    {
        "name": "Empty.010",
        "location": [
            -0.5600118041038513,
            16.94576644897461,
            21.93586540222168
        ]
    },
    {
        "name": "Empty.011",
        "location": [
            2.8278040885925293,
            17.5725040435791,
            24.231595993041992
        ]
    },
    {
        "name": "Empty.012",
        "location": [
            3.0522615909576416,
            17.57524871826172,
            24.425540924072266
        ]
    },
    {
        "name": "Empty.013",
        "location": [
            3.4638094902038574,
            16.320510864257812,
            29.15781021118164
        ]
    },
    {
        "name": "Empty.014",
        "location": [
            6.455610752105713,
            18.056936264038086,
            30.171995162963867
        ]
    },
    {
        "name": "Empty.015",
        "location": [
            7.241187572479248,
            18.44540023803711,
            30.045536041259766
        ]
    },
    {
        "name": "Empty.016",
        "location": [
            9.45112419128418,
            17.57035255432129,
            32.12833786010742
        ]
    },
    {
        "name": "Empty.017",
        "location": [
            11.7027006149292,
            18.44568634033203,
            32.62655258178711
        ]
    },
    {
        "name": "Empty.018",
        "location": [
            12.438864707946777,
            18.298641204833984,
            32.92179870605469
        ]
    },
    {
        "name": "Empty.019",
        "location": [
            14.827756881713867,
            17.820415496826172,
            33.85028839111328
        ]
    },
    {
        "name": "Empty.020",
        "location": [
            17.321805953979492,
            19.31167221069336,
            33.370521545410156
        ]
    },
    {
        "name": "Empty.021",
        "location": [
            17.86246109008789,
            19.075868606567383,
            33.5078010559082
        ]
    },
    {
        "name": "Empty.022",
        "location": [
            20.07737159729004,
            18.320404052734375,
            34.970069885253906
        ]
    },
    {
        "name": "Empty.023",
        "location": [
            22.704055786132812,
            19.811182022094727,
            35.162506103515625
        ]
    },
    {
        "name": "Empty.024",
        "location": [
            23.202194213867188,
            19.81620979309082,
            35.29617691040039
        ]
    },
    {
        "name": "Empty.025",
        "location": [
            25.95334243774414,
            18.944786071777344,
            35.71415710449219
        ]
    },
    {
        "name": "Empty.026",
        "location": [
            28.87261199951172,
            20.07093620300293,
            34.41828536987305
        ]
    },
    {
        "name": "Empty.027",
        "location": [
            29.340883255004883,
            20.320802688598633,
            34.2811164855957
        ]
    },
    {
        "name": "Empty.028",
        "location": [
            33.18902587890625,
            19.57097625732422,
            33.911014556884766
        ]
    },
    {
        "name": "Empty.029",
        "location": [
            34.49222183227539,
            20.439926147460938,
            29.914966583251953
        ]
    },
    {
        "name": "Empty.030",
        "location": [
            34.95281219482422,
            20.695932388305664,
            29.520950317382812
        ]
    },
    {
        "name": "Empty.031",
        "location": [
            38.46417236328125,
            20.194843292236328,
            28.0579776763916
        ]
    },
    {
        "name": "Empty.032",
        "location": [
            38.71467971801758,
            21.821300506591797,
            24.52570152282715
        ]
    },
    {
        "name": "Empty.033",
        "location": [
            39.07754898071289,
            21.695545196533203,
            23.841100692749023
        ]
    },
    {
        "name": "Empty.034",
        "location": [
            42.936458587646484,
            20.94660758972168,
            21.771038055419922
        ]
    },
    {
        "name": "Empty.035",
        "location": [
            42.835514068603516,
            22.214609146118164,
            18.40938377380371
        ]
    },
    {
        "name": "Empty.036",
        "location": [
            43.19819641113281,
            22.082075119018555,
            18.00693130493164
        ]
    },
    {
        "name": "Empty.037",
        "location": [
            49.35167694091797,
            21.571670532226562,
            15.06838321685791
        ]
    },
    {
        "name": "Empty.038",
        "location": [
            50.74122619628906,
            23.067441940307617,
            9.166675567626953
        ]
    },
    {
        "name": "Empty.039",
        "location": [
            50.97084426879883,
            22.69610595703125,
            8.911358833312988
        ]
    },
    {
        "name": "Empty.040",
        "location": [
            56.02863311767578,
            23.577884674072266,
            4.175650119781494
        ]
    },
    {
        "name": "Empty.041",
        "location": [
            53.95375061035156,
            25.55519676208496,
            -2.4374899864196777
        ]
    }
]