[
    {
        "name": "Empty",
        "location": [
            -5.368483543395996,
            1.9380625486373901,
            -30.642099380493164
        ]
    },
    {
        "name": "Empty.001",
        "location": [
            -8.864142417907715,
            1.4344120025634766,
            -24.47275733947754
        ]
    },
    {
        "name": "Empty.002",
        "location": [
            -5.859114170074463,
            1.5581855773925781,
            -21.045677185058594
        ]
    },
    {
        "name": "Empty.003",
        "location": [
            -5.8772711753845215,
            1.568591594696045,
            -20.658536911010742
        ]
    },
    {
        "name": "Empty.004",
        "location": [
            -8.783612251281738,
            1.4409409761428833,
            -13.966825485229492
        ]
    },
    {
        "name": "Empty.005",
        "location": [
            -3.2109215259552,
            2.407792806625366,
            -9.502649307250977
        ]
    },
    {
        "name": "Empty.007",
        "location": [
            -4.342030048370361,
            2.0665318965911865,
            -5.339483261108398
        ]
    },
    {
        "name": "Empty.008",
        "location": [
            -1.245284914970398,
            2.9590234756469727,
            -3.5880470275878906
        ]
    },
    {
        "name": "Empty.009",
        "location": [
            -0.6190446615219116,
            2.9433934688568115,
            -2.094829559326172
        ]
    },
    {
        "name": "Empty.010",
        "location": [
            -2.6537394523620605,
            3.0644750595092773,
            1.4071205854415894
        ]
    },
    {
        "name": "Empty.011",
        "location": [
            1.1304574012756348,
            4.963132858276367,
            3.7803027629852295
        ]
    },
    {
        "name": "Empty.012",
        "location": [
            1.1365015506744385,
            4.692662715911865,
            4.171594142913818
        ]
    },
    {
        "name": "Empty.013",
        "location": [
            0.6285719871520996,
            3.8110687732696533,
            8.656676292419434
        ]
    },
    {
        "name": "Empty.014",
        "location": [
            4.0045166015625,
            5.814394474029541,
            9.498115539550781
        ]
    },
    {
        "name": "Empty.015",
        "location": [
            4.259716510772705,
            5.690694808959961,
            10.033601760864258
        ]
    },
    {
        "name": "Empty.016",
        "location": [
            5.725640773773193,
            4.189601421356201,
            12.808154106140137
        ]
    },
    {
        "name": "Empty.017",
        "location": [
            9.038490295410156,
            5.195460319519043,
            12.642988204956055
        ]
    },
    {
        "name": "Empty.018",
        "location": [
            9.233468055725098,
            5.06456184387207,
            13.15738296508789
        ]
    },
    {
        "name": "Empty.019",
        "location": [
            11.379454612731934,
            3.6896755695343018,
            15.127941131591797
        ]
    },
    {
        "name": "Empty.020",
        "location": [
            14.097343444824219,
            4.320969104766846,
            13.999963760375977
        ]
    },
    {
        "name": "Empty.021",
        "location": [
            14.376453399658203,
            4.442008018493652,
            14.533623695373535
        ]
    },
    {
        "name": "Empty.022",
        "location": [
            16.3795223236084,
            2.9396121501922607,
            16.213132858276367
        ]
    },
    {
        "name": "Empty.023",
        "location": [
            19.090219497680664,
            3.813584327697754,
            15.28423023223877
        ]
    },
    {
        "name": "Empty.024",
        "location": [
            19.500913619995117,
            3.6717302799224854,
            15.160858154296875
        ]
    },
    {
        "name": "Empty.025",
        "location": [
            22.255903244018555,
            2.31473970413208,
            15.874497413635254
        ]
    },
    {
        "name": "Empty.026",
        "location": [
            24.533584594726562,
            3.1882412433624268,
            13.784496307373047
        ]
    },
    {
        "name": "Empty.028",
        "location": [
            28.15633201599121,
            0.1896502822637558,
            14.42696762084961
        ]
    },
    {
        "name": "Empty.029",
        "location": [
            29.635807037353516,
            1.1848816871643066,
            10.153054237365723
        ]
    },
    {
        "name": "Empty.030",
        "location": [
            30.231014251708984,
            0.8151517510414124,
            9.295036315917969
        ]
    },
    {
        "name": "Empty.031",
        "location": [
            34.151031494140625,
            -1.4355556964874268,
            8.807449340820312
        ]
    },
    {
        "name": "Empty.032",
        "location": [
            34.269290924072266,
            -1.4419456720352173,
            4.5214924812316895
        ]
    },
    {
        "name": "Empty.033",
        "location": [
            34.37948226928711,
            -1.8103913068771362,
            3.6581075191497803
        ]
    },
    {
        "name": "Empty.034",
        "location": [
            38.21498489379883,
            -3.560397148132324,
            2.657644033432007
        ]
    },
    {
        "name": "Empty.035",
        "location": [
            38.68446350097656,
            -3.3107826709747314,
            -0.9711620211601257
        ]
    },
    {
        "name": "Empty.036",
        "location": [
            39.104759216308594,
            -3.4359562397003174,
            -1.3413772583007812
        ]
    },
    {
        "name": "Empty.037",
        "location": [
            44.86489486694336,
            -5.184417724609375,
            -3.6185367107391357
        ]
    },
    {
        "name": "Empty.038",
        "location": [
            44.6312370300293,
            -4.189230442047119,
            -10.969454765319824
        ]
    },
    {
        "name": "Empty.039",
        "location": [
            44.61595916748047,
            -4.693396091461182,
            -11.246267318725586
        ]
    },
    {
        "name": "Empty.040",
        "location": [
            49.62284469604492,
            -5.067346096038818,
            -14.22362232208252
        ]
    },
    {
        "name": "Empty.041",
        "location": [
            48.251583099365234,
            -3.8022210597991943,
            -20.838233947753906
        ]
    },
    {
        "name": "Empty.006",
        "location": [
            -3.2702794075012207,
            2.309802770614624,
            -9.209699630737305
        ]
    },
    {
        "name": "Empty.027",
        "location": [
            24.7650089263916,
            3.186591386795044,
            13.411733627319336
        ]
    }
]