[
    {
        "name": "Empty",
        "location": [
            -0.3627799451351166,
            2.765221357345581,
            -7.252465724945068
        ]
    },
    {
        "name": "Empty.002",
        "location": [
            -3.1183578968048096,
            3.0320026874542236,
            2.090421199798584
        ]
    },
    {
        "name": "Empty.003",
        "location": [
            -2.971409797668457,
            3.0099852085113525,
            2.4172780513763428
        ]
    },
    {
        "name": "Empty.001",
        "location": [
            -4.9864678382873535,
            3.1381614208221436,
            -3.0235211849212646
        ]
    },
    {
        "name": "Empty.004",
        "location": [
            -7.620161056518555,
            3.7824878692626953,
            8.216533660888672
        ]
    },
    {
        "name": "Empty.005",
        "location": [
            -3.487353801727295,
            4.889322757720947,
            13.792386054992676
        ]
    },
    {
        "name": "Empty.006",
        "location": [
            -2.7244746685028076,
            4.634232521057129,
            14.062346458435059
        ]
    },
    {
        "name": "Empty.007",
        "location": [
            -5.137617111206055,
            4.641208171844482,
            17.8417911529541
        ]
    },
    {
        "name": "Empty.008",
        "location": [
            -1.7379839420318604,
            6.015652656555176,
            20.247941970825195
        ]
    },
    {
        "name": "Empty.009",
        "location": [
            -2.004488706588745,
            5.633579730987549,
            21.839326858520508
        ]
    },
    {
        "name": "Empty.010",
        "location": [
            -4.917408466339111,
            6.2656168937683105,
            24.966432571411133
        ]
    },
    {
        "name": "Empty.011",
        "location": [
            -1.489755630493164,
            7.891842842102051,
            27.87010955810547
        ]
    },
    {
        "name": "Empty.012",
        "location": [
            -1.3783400058746338,
            7.8902716636657715,
            28.225940704345703
        ]
    },
    {
        "name": "Empty.013",
        "location": [
            -3.3416271209716797,
            7.391823768615723,
            32.46744155883789
        ]
    },
    {
        "name": "Empty.014",
        "location": [
            0.25976839661598206,
            9.039488792419434,
            34.077484130859375
        ]
    },
    {
        "name": "Empty.015",
        "location": [
            0.6482739448547363,
            9.008861541748047,
            34.20265579223633
        ]
    },
    {
        "name": "Empty.016",
        "location": [
            0.6939468383789062,
            8.017197608947754,
            37.594757080078125
        ]
    },
    {
        "name": "Empty.017",
        "location": [
            3.7435121536254883,
            8.395319938659668,
            38.64666748046875
        ]
    },
    {
        "name": "Empty.018",
        "location": [
            4.517250061035156,
            8.275093078613281,
            38.46858596801758
        ]
    },
    {
        "name": "Empty.019",
        "location": [
            5.762731075286865,
            6.765438556671143,
            41.533817291259766
        ]
    },
    {
        "name": "Empty.020",
        "location": [
            8.628663063049316,
            7.393908500671387,
            41.20937728881836
        ]
    },
    {
        "name": "Empty.021",
        "location": [
            9.037593841552734,
            7.481466293334961,
            41.21830749511719
        ]
    },
    {
        "name": "Empty.022",
        "location": [
            10.511209487915039,
            5.8907647132873535,
            43.88677215576172
        ]
    },
    {
        "name": "Empty.023",
        "location": [
            13.487595558166504,
            6.4034576416015625,
            43.29280471801758
        ]
    },
    {
        "name": "Empty.024",
        "location": [
            13.82925796508789,
            6.514594078063965,
            43.46247863769531
        ]
    },
    {
        "name": "Empty.025",
        "location": [
            16.513469696044922,
            4.641101360321045,
            44.81487274169922
        ]
    },
    {
        "name": "Empty.026",
        "location": [
            19.188995361328125,
            5.391134738922119,
            42.58961868286133
        ]
    },
    {
        "name": "Empty.027",
        "location": [
            19.509061813354492,
            5.381679058074951,
            43.2137336730957
        ]
    },
    {
        "name": "Empty.028",
        "location": [
            22.515758514404297,
            1.640595555305481,
            44.71977615356445
        ]
    },
    {
        "name": "Empty.029",
        "location": [
            24.58732032775879,
            2.3888001441955566,
            40.96574783325195
        ]
    },
    {
        "name": "Empty.030",
        "location": [
            24.885766983032227,
            2.258326292037964,
            39.71416091918945
        ]
    },
    {
        "name": "Empty.031",
        "location": [
            28.761568069458008,
            -1.1092761754989624,
            41.012535095214844
        ]
    },
    {
        "name": "Empty.032",
        "location": [
            30.209253311157227,
            -0.8641022443771362,
            36.587100982666016
        ]
    },
    {
        "name": "Empty.033",
        "location": [
            30.12359619140625,
            -0.8401176929473877,
            35.22874450683594
        ]
    },
    {
        "name": "Empty.034",
        "location": [
            34.12787628173828,
            -3.6101419925689697,
            35.83304977416992
        ]
    },
    {
        "name": "Empty.035",
        "location": [
            35.565731048583984,
            -3.734652280807495,
            32.4660758972168
        ]
    },
    {
        "name": "Empty.036",
        "location": [
            36.00785446166992,
            -3.732546806335449,
            32.01643371582031
        ]
    },
    {
        "name": "Empty.037",
        "location": [
            42.74593734741211,
            -6.358989238739014,
            30.32198143005371
        ]
    },
    {
        "name": "Empty.038",
        "location": [
            43.36966323852539,
            -5.7337965965271,
            23.73731803894043
        ]
    },
    {
        "name": "Empty.039",
        "location": [
            43.63639450073242,
            -6.357115745544434,
            23.588909149169922
        ]
    },
    {
        "name": "Empty.040",
        "location": [
            49.02122116088867,
            -7.466233730316162,
            21.725858688354492
        ]
    },
    {
        "name": "Empty.041",
        "location": [
            49.139869689941406,
            -6.480167865753174,
            15.088150978088379
        ]
    }
]