[
    {
        "name": "Empty",
        "location": [
            -2.168631076812744,
            3.4816129207611084,
            -5.036657333374023
        ]
    },
    {
        "name": "Empty.001",
        "location": [
            -5.434726715087891,
            2.623595714569092,
            0.5318736433982849
        ]
    },
    {
        "name": "Empty.002",
        "location": [
            -1.542795181274414,
            1.854677438735962,
            5.326024532318115
        ]
    },
    {
        "name": "Empty.003",
        "location": [
            -0.6687958836555481,
            1.7235198020935059,
            5.909544944763184
        ]
    },
    {
        "name": "Empty.004",
        "location": [
            -5.056342601776123,
            0.2514084577560425,
            11.533042907714844
        ]
    },
    {
        "name": "Empty.005",
        "location": [
            -1.6682305335998535,
            0.4791170656681061,
            16.904142379760742
        ]
    },
    {
        "name": "Empty.006",
        "location": [
            -0.2840065658092499,
            1.2100611925125122,
            17.53845977783203
        ]
    },
    {
        "name": "Empty.007",
        "location": [
            -1.9189221858978271,
            -0.1407984048128128,
            21.784320831298828
        ]
    },
    {
        "name": "Empty.008",
        "location": [
            2.708068370819092,
            0.7147785425186157,
            24.172836303710938
        ]
    },
    {
        "name": "Empty.009",
        "location": [
            2.991074562072754,
            0.4503692388534546,
            24.307714462280273
        ]
    },
    {
        "name": "Empty.010",
        "location": [
            1.4687840938568115,
            -0.27039825916290283,
            29.0058650970459
        ]
    },
    {
        "name": "Empty.011",
        "location": [
            5.708781719207764,
            -0.2722305655479431,
            30.954788208007812
        ]
    },
    {
        "name": "Empty.012",
        "location": [
            6.221643447875977,
            0.7284977436065674,
            31.18126678466797
        ]
    },
    {
        "name": "Empty.013",
        "location": [
            6.643467903137207,
            -1.3964976072311401,
            35.784339904785156
        ]
    },
    {
        "name": "Empty.014",
        "location": [
            10.826303482055664,
            0.4774753153324127,
            36.15129089355469
        ]
    },
    {
        "name": "Empty.015",
        "location": [
            11.288683891296387,
            0.4809644818305969,
            36.535072326660156
        ]
    },
    {
        "name": "Empty.016",
        "location": [
            13.458232879638672,
            -1.2719138860702515,
            38.17569351196289
        ]
    },
    {
        "name": "Empty.017",
        "location": [
            16.324031829833984,
            -0.5214704275131226,
            37.64478302001953
        ]
    },
    {
        "name": "Empty.018",
        "location": [
            16.466854095458984,
            -0.7620442509651184,
            37.91130065917969
        ]
    },
    {
        "name": "Empty.019",
        "location": [
            19.082902908325195,
            -2.647026538848877,
            39.31123733520508
        ]
    },
    {
        "name": "Empty.020",
        "location": [
            21.41155242919922,
            -2.2682175636291504,
            37.775779724121094
        ]
    },
    {
        "name": "Empty.021",
        "location": [
            21.960220336914062,
            -2.0230414867401123,
            37.596553802490234
        ]
    },
    {
        "name": "Empty.022",
        "location": [
            23.70796012878418,
            -3.0206546783447266,
            38.30931854248047
        ]
    },
    {
        "name": "Empty.023",
        "location": [
            25.705698013305664,
            -3.1555514335632324,
            37.90250778198242
        ]
    },
    {
        "name": "Empty.024",
        "location": [
            25.826032638549805,
            -3.6379854679107666,
            38.79161071777344
        ]
    },
    {
        "name": "Empty.025",
        "location": [
            27.70868492126465,
            -6.272256851196289,
            39.873870849609375
        ]
    },
    {
        "name": "Empty.026",
        "location": [
            30.883169174194336,
            -6.149206638336182,
            37.90717697143555
        ]
    },
    {
        "name": "Empty.027",
        "location": [
            29.4553165435791,
            -4.771643161773682,
            36.07486343383789
        ]
    },
    {
        "name": "Empty.028",
        "location": [
            32.85626983642578,
            -6.646143913269043,
            34.93195724487305
        ]
    },
    {
        "name": "Empty.029",
        "location": [
            33.41279983520508,
            -4.647688865661621,
            30.90991973876953
        ]
    },
    {
        "name": "Empty.030",
        "location": [
            34.92994689941406,
            -6.0210041999816895,
            32.051551818847656
        ]
    },
    {
        "name": "Empty.031",
        "location": [
            38.792259216308594,
            -8.021866798400879,
            30.284809112548828
        ]
    },
    {
        "name": "Empty.032",
        "location": [
            38.32748794555664,
            -6.646857738494873,
            25.663333892822266
        ]
    },
    {
        "name": "Empty.033",
        "location": [
            38.58318328857422,
            -6.646366119384766,
            25.20509147644043
        ]
    },
    {
        "name": "Empty.034",
        "location": [
            42.36283874511719,
            -8.647478103637695,
            23.159263610839844
        ]
    },
    {
        "name": "Empty.035",
        "location": [
            41.46601486206055,
            -7.390939712524414,
            18.650676727294922
        ]
    },
    {
        "name": "Empty.036",
        "location": [
            42.3322868347168,
            -7.769381046295166,
            18.45818519592285
        ]
    },
    {
        "name": "Empty.037",
        "location": [
            46.902957916259766,
            -9.521682739257812,
            13.907896995544434
        ]
    },
    {
        "name": "Empty.038",
        "location": [
            44.574310302734375,
            -7.028878688812256,
            7.4076056480407715
        ]
    },
    {
        "name": "Empty.039",
        "location": [
            45.585227966308594,
            -7.271235466003418,
            6.830082893371582
        ]
    },
    {
        "name": "Empty.040",
        "location": [
            48.969886779785156,
            -7.6445841789245605,
            2.5245730876922607
        ]
    },
    {
        "name": "Empty.041",
        "location": [
            46.702083587646484,
            -5.146597385406494,
            -2.9688470363616943
        ]
    }
]