[
    {
        "name": "Empty",
        "location": [
            -3.918217658996582,
            2.8236002922058105,
            -31.635498046875
        ]
    },
    {
        "name": "Empty.001",
        "location": [
            -8.418330192565918,
            1.0907659530639648,
            -26.62681770324707
        ]
    },
    {
        "name": "Empty.002",
        "location": [
            -4.1577935218811035,
            2.051945924758911,
            -21.380783081054688
        ]
    },
    {
        "name": "Empty.003",
        "location": [
            -4.281632900238037,
            1.6897214651107788,
            -21.045974731445312
        ]
    },
    {
        "name": "Empty.004",
        "location": [
            -8.321401596069336,
            1.5653151273727417,
            -15.252006530761719
        ]
    },
    {
        "name": "Empty.005",
        "location": [
            -3.6576969623565674,
            3.806342840194702,
            -10.00123405456543
        ]
    },
    {
        "name": "Empty.006",
        "location": [
            -3.660930871963501,
            3.9380669593811035,
            -9.72482681274414
        ]
    },
    {
        "name": "Empty.007",
        "location": [
            -5.706241130828857,
            4.19002103805542,
            -5.624858856201172
        ]
    },
    {
        "name": "Empty.008",
        "location": [
            -1.4075781106948853,
            5.938869953155518,
            -2.8269498348236084
        ]
    },
    {
        "name": "Empty.009",
        "location": [
            -1.3785440921783447,
            6.06494665145874,
            -2.4783756732940674
        ]
    },
    {
        "name": "Empty.010",
        "location": [
            -2.6646523475646973,
            6.194530010223389,
            1.6274778842926025
        ]
    },
    {
        "name": "Empty.011",
        "location": [
            1.3439130783081055,
            7.065296649932861,
            3.9473206996917725
        ]
    },
    {
        "name": "Empty.012",
        "location": [
            1.9429861307144165,
            8.311890602111816,
            3.73160982131958
        ]
    },
    {
        "name": "Empty.013",
        "location": [
            2.2758212089538574,
            7.440846920013428,
            8.750777244567871
        ]
    },
    {
        "name": "Empty.014",
        "location": [
            6.074617385864258,
            9.690204620361328,
            8.98637866973877
        ]
    },
    {
        "name": "Empty.015",
        "location": [
            6.650071620941162,
            9.940083503723145,
            8.998574256896973
        ]
    },
    {
        "name": "Empty.016",
        "location": [
            8.97366714477539,
            8.934148788452148,
            11.245126724243164
        ]
    },
    {
        "name": "Empty.017",
        "location": [
            11.70134162902832,
            9.937512397766113,
            10.605486869812012
        ]
    },
    {
        "name": "Empty.018",
        "location": [
            11.967718124389648,
            9.817809104919434,
            10.87373161315918
        ]
    },
    {
        "name": "Empty.019",
        "location": [
            14.342304229736328,
            8.558963775634766,
            12.744793891906738
        ]
    },
    {
        "name": "Empty.020",
        "location": [
            17.007619857788086,
            9.06495189666748,
            11.123150825500488
        ]
    },
    {
        "name": "Empty.021",
        "location": [
            17.346567153930664,
            9.214007377624512,
            10.875261306762695
        ]
    },
    {
        "name": "Empty.022",
        "location": [
            19.467021942138672,
            8.81633472442627,
            11.906649589538574
        ]
    },
    {
        "name": "Empty.023",
        "location": [
            21.342819213867188,
            8.82467269897461,
            11.617253303527832
        ]
    },
    {
        "name": "Empty.024",
        "location": [
            21.396835327148438,
            8.57218074798584,
            12.500738143920898
        ]
    },
    {
        "name": "Empty.025",
        "location": [
            23.717382431030273,
            6.689925670623779,
            14.405989646911621
        ]
    },
    {
        "name": "Empty.026",
        "location": [
            26.816177368164062,
            6.813202857971191,
            12.121983528137207
        ]
    },
    {
        "name": "Empty.027",
        "location": [
            25.59389305114746,
            7.438892364501953,
            10.4989013671875
        ]
    },
    {
        "name": "Empty.028",
        "location": [
            28.95688819885254,
            6.1925859451293945,
            9.493972778320312
        ]
    },
    {
        "name": "Empty.029",
        "location": [
            29.421987533569336,
            6.690742492675781,
            5.495944499969482
        ]
    },
    {
        "name": "Empty.030",
        "location": [
            30.84357261657715,
            5.800880432128906,
            7.012190818786621
        ]
    },
    {
        "name": "Empty.031",
        "location": [
            35.184085845947266,
            4.3172736167907715,
            5.878622531890869
        ]
    },
    {
        "name": "Empty.032",
        "location": [
            34.69765090942383,
            4.689263343811035,
            0.7671260237693787
        ]
    },
    {
        "name": "Empty.033",
        "location": [
            35.215946197509766,
            4.44229793548584,
            0.6277264952659607
        ]
    },
    {
        "name": "Empty.034",
        "location": [
            39.1518669128418,
            2.6904454231262207,
            -0.6250810027122498
        ]
    },
    {
        "name": "Empty.035",
        "location": [
            38.46916198730469,
            2.190819025039673,
            -5.502904415130615
        ]
    },
    {
        "name": "Empty.036",
        "location": [
            40.468204498291016,
            1.943137526512146,
            -5.31431770324707
        ]
    },
    {
        "name": "Empty.037",
        "location": [
            44.5911750793457,
            -0.05333707481622696,
            -9.4942626953125
        ]
    },
    {
        "name": "Empty.038",
        "location": [
            42.61905288696289,
            0.8149197697639465,
            -16.268390655517578
        ]
    },
    {
        "name": "Empty.039",
        "location": [
            43.218406677246094,
            0.6915434002876282,
            -16.924484252929688
        ]
    },
    {
        "name": "Empty.040",
        "location": [
            46.921688079833984,
            -0.188788503408432,
            -21.12729835510254
        ]
    },
    {
        "name": "Empty.041",
        "location": [
            44.486656188964844,
            0.5814157724380493,
            -27.141359329223633
        ]
    }
]