[
    {
        "name": "Empty",
        "location": [
            -1.9526022672653198,
            8.657889366149902,
            -19.986312866210938
        ]
    },
    {
        "name": "Empty.001",
        "location": [
            -5.943174839019775,
            5.658941745758057,
            -16.261308670043945
        ]
    },
    {
        "name": "Empty.002",
        "location": [
            -3.4263501167297363,
            6.157273769378662,
            -9.942521095275879
        ]
    },
    {
        "name": "Empty.003",
        "location": [
            -3.4294044971466064,
            6.408998012542725,
            -9.532864570617676
        ]
    },
    {
        "name": "Empty.004",
        "location": [
            -7.8385162353515625,
            4.658380508422852,
            -4.413382053375244
        ]
    },
    {
        "name": "Empty.005",
        "location": [
            -6.076897621154785,
            6.908514499664307,
            1.2716790437698364
        ]
    },
    {
        "name": "Empty.006",
        "location": [
            -6.042508602142334,
            6.912967681884766,
            1.6269147396087646
        ]
    },
    {
        "name": "Empty.007",
        "location": [
            -8.192127227783203,
            6.283759117126465,
            5.086209774017334
        ]
    },
    {
        "name": "Empty.008",
        "location": [
            -6.430232048034668,
            8.78271198272705,
            8.562142372131348
        ]
    },
    {
        "name": "Empty.009",
        "location": [
            -6.479011058807373,
            9.036589622497559,
            8.824502944946289
        ]
    },
    {
        "name": "Empty.010",
        "location": [
            -8.188433647155762,
            8.658924102783203,
            12.711233139038086
        ]
    },
    {
        "name": "Empty.011",
        "location": [
            -6.29886531829834,
            12.048643112182617,
            15.581524848937988
        ]
    },
    {
        "name": "Empty.012",
        "location": [
            -6.329105854034424,
            12.412198066711426,
            15.709227561950684
        ]
    },
    {
        "name": "Empty.013",
        "location": [
            -7.620508670806885,
            11.284100532531738,
            20.212085723876953
        ]
    },
    {
        "name": "Empty.014",
        "location": [
            -5.325662612915039,
            15.433907508850098,
            21.466066360473633
        ]
    },
    {
        "name": "Empty.015",
        "location": [
            -5.095466613769531,
            15.291671752929688,
            21.72262191772461
        ]
    },
    {
        "name": "Empty.016",
        "location": [
            -4.592761039733887,
            14.658954620361328,
            25.485675811767578
        ]
    },
    {
        "name": "Empty.017",
        "location": [
            -2.701298713684082,
            18.177518844604492,
            26.064332962036133
        ]
    },
    {
        "name": "Empty.018",
        "location": [
            -2.888094663619995,
            18.277420043945312,
            26.581802368164062
        ]
    },
    {
        "name": "Empty.019",
        "location": [
            -0.7050139307975769,
            17.158966064453125,
            29.658557891845703
        ]
    },
    {
        "name": "Empty.020",
        "location": [
            1.4136470556259155,
            19.659976959228516,
            29.37815284729004
        ]
    },
    {
        "name": "Empty.021",
        "location": [
            1.5412555932998657,
            19.666114807128906,
            29.710264205932617
        ]
    },
    {
        "name": "Empty.022",
        "location": [
            3.79606556892395,
            19.03401756286621,
            32.171939849853516
        ]
    },
    {
        "name": "Empty.023",
        "location": [
            6.053450584411621,
            21.428071975708008,
            31.5943546295166
        ]
    },
    {
        "name": "Empty.024",
        "location": [
            6.487003326416016,
            21.783910751342773,
            31.586278915405273
        ]
    },
    {
        "name": "Empty.025",
        "location": [
            10.171661376953125,
            20.409160614013672,
            32.9106559753418
        ]
    },
    {
        "name": "Empty.026",
        "location": [
            12.19305419921875,
            22.1599178314209,
            30.336423873901367
        ]
    },
    {
        "name": "Empty.027",
        "location": [
            13.028247833251953,
            22.03365707397461,
            30.991939544677734
        ]
    },
    {
        "name": "Empty.028",
        "location": [
            17.37129783630371,
            20.03618049621582,
            32.3421630859375
        ]
    },
    {
        "name": "Empty.029",
        "location": [
            18.889293670654297,
            22.159767150878906,
            28.210514068603516
        ]
    },
    {
        "name": "Empty.030",
        "location": [
            18.833694458007812,
            21.533954620361328,
            26.83620262145996
        ]
    },
    {
        "name": "Empty.031",
        "location": [
            23.671789169311523,
            19.909135818481445,
            29.013147354125977
        ]
    },
    {
        "name": "Empty.032",
        "location": [
            25.7825870513916,
            21.02745246887207,
            24.45638656616211
        ]
    },
    {
        "name": "Empty.033",
        "location": [
            26.048742294311523,
            20.905797958374023,
            24.39602279663086
        ]
    },
    {
        "name": "Empty.034",
        "location": [
            30.293785095214844,
            19.531600952148438,
            23.76607322692871
        ]
    },
    {
        "name": "Empty.035",
        "location": [
            31.472606658935547,
            20.150123596191406,
            19.08948516845703
        ]
    },
    {
        "name": "Empty.036",
        "location": [
            31.533761978149414,
            20.150020599365234,
            18.817935943603516
        ]
    },
    {
        "name": "Empty.037",
        "location": [
            37.420494079589844,
            19.736997604370117,
            16.710018157958984
        ]
    },
    {
        "name": "Empty.038",
        "location": [
            38.603458404541016,
            20.27464485168457,
            9.965032577514648
        ]
    },
    {
        "name": "Empty.039",
        "location": [
            38.79653549194336,
            20.28401756286621,
            9.750741958618164
        ]
    },
    {
        "name": "Empty.040",
        "location": [
            44.54701614379883,
            22.465686798095703,
            6.96225118637085
        ]
    },
    {
        "name": "Empty.041",
        "location": [
            43.65960693359375,
            22.017183303833008,
            -0.1569935381412506
        ]
    }
]