[
    {
        "name": "Empty",
        "location": [
            -5.4686408042907715,
            3.855846881866455,
            -46.565277099609375
        ]
    },
    {
        "name": "Empty.001",
        "location": [
            -9.845281600952148,
            2.261347532272339,
            -42.587589263916016
        ]
    },
    {
        "name": "Empty.002",
        "location": [
            -6.436827659606934,
            0.6034282445907593,
            -36.22517776489258
        ]
    },
    {
        "name": "Empty.003",
        "location": [
            -6.221631050109863,
            1.1383978128433228,
            -35.8969841003418
        ]
    },
    {
        "name": "Empty.004",
        "location": [
            -10.203348159790039,
            -0.6448960900306702,
            -30.32748794555664
        ]
    },
    {
        "name": "Empty.005",
        "location": [
            -6.842921733856201,
            0.3832472264766693,
            -24.89491081237793
        ]
    },
    {
        "name": "Empty.006",
        "location": [
            -6.8395094871521,
            0.38455379009246826,
            -24.453046798706055
        ]
    },
    {
        "name": "Empty.007",
        "location": [
            -8.11474895477295,
            -0.6165416836738586,
            -20.827367782592773
        ]
    },
    {
        "name": "Empty.008",
        "location": [
            -5.213536262512207,
            1.0056618452072144,
            -17.64808464050293
        ]
    },
    {
        "name": "Empty.009",
        "location": [
            -5.069216251373291,
            1.131644368171692,
            -17.301700592041016
        ]
    },
    {
        "name": "Empty.010",
        "location": [
            -5.8868279457092285,
            0.38340529799461365,
            -13.202340126037598
        ]
    },
    {
        "name": "Empty.011",
        "location": [
            -2.71608304977417,
            2.631711483001709,
            -10.649542808532715
        ]
    },
    {
        "name": "Empty.012",
        "location": [
            -2.5596563816070557,
            2.6301043033599854,
            -10.292105674743652
        ]
    },
    {
        "name": "Empty.013",
        "location": [
            -3.3180651664733887,
            1.1349172592163086,
            -5.951101303100586
        ]
    },
    {
        "name": "Empty.014",
        "location": [
            0.2814716398715973,
            4.132241249084473,
            -4.575924873352051
        ]
    },
    {
        "name": "Empty.015",
        "location": [
            0.5164978504180908,
            4.258205890655518,
            -4.328162670135498
        ]
    },
    {
        "name": "Empty.016",
        "location": [
            1.4072693586349487,
            2.9995408058166504,
            -1.3284056186676025
        ]
    },
    {
        "name": "Empty.017",
        "location": [
            4.281381130218506,
            5.507818222045898,
            -0.5624226331710815
        ]
    },
    {
        "name": "Empty.018",
        "location": [
            4.587228775024414,
            5.5070037841796875,
            -0.07872628420591354
        ]
    },
    {
        "name": "Empty.019",
        "location": [
            6.657490253448486,
            3.5082170963287354,
            2.1979663372039795
        ]
    },
    {
        "name": "Empty.020",
        "location": [
            9.281205177307129,
            5.3829145431518555,
            1.9061908721923828
        ]
    },
    {
        "name": "Empty.021",
        "location": [
            9.665507316589355,
            5.135415077209473,
            2.1806204319000244
        ]
    },
    {
        "name": "Empty.022",
        "location": [
            12.031560897827148,
            3.633192300796509,
            3.8256239891052246
        ]
    },
    {
        "name": "Empty.023",
        "location": [
            14.769038200378418,
            5.371326923370361,
            2.670707941055298
        ]
    },
    {
        "name": "Empty.024",
        "location": [
            15.060789108276367,
            5.6425371170043945,
            2.7638895511627197
        ]
    },
    {
        "name": "Empty.025",
        "location": [
            18.53249740600586,
            3.133284091949463,
            3.0914506912231445
        ]
    },
    {
        "name": "Empty.026",
        "location": [
            20.30008888244629,
            4.258811950683594,
            0.4232570230960846
        ]
    },
    {
        "name": "Empty.027",
        "location": [
            21.299976348876953,
            4.008763790130615,
            1.0285643339157104
        ]
    },
    {
        "name": "Empty.028",
        "location": [
            24.776872634887695,
            0.6475157141685486,
            0.7904703617095947
        ]
    },
    {
        "name": "Empty.029",
        "location": [
            26.16241455078125,
            3.008821964263916,
            -3.079296350479126
        ]
    },
    {
        "name": "Empty.030",
        "location": [
            26.002670288085938,
            2.6347367763519287,
            -3.7934415340423584
        ]
    },
    {
        "name": "Empty.031",
        "location": [
            30.270498275756836,
            -0.36671504378318787,
            -4.212862968444824
        ]
    },
    {
        "name": "Empty.032",
        "location": [
            31.565431594848633,
            0.38272708654403687,
            -8.203446388244629
        ]
    },
    {
        "name": "Empty.033",
        "location": [
            31.48956871032715,
            0.2713717520236969,
            -8.49141788482666
        ]
    },
    {
        "name": "Empty.034",
        "location": [
            35.02156066894531,
            -2.2417871952056885,
            -10.340091705322266
        ]
    },
    {
        "name": "Empty.035",
        "location": [
            35.519065856933594,
            -1.2486367225646973,
            -14.839694023132324
        ]
    },
    {
        "name": "Empty.036",
        "location": [
            35.514549255371094,
            -1.252206802368164,
            -15.095911026000977
        ]
    },
    {
        "name": "Empty.037",
        "location": [
            40.02518844604492,
            -2.9982335567474365,
            -18.084110260009766
        ]
    },
    {
        "name": "Empty.038",
        "location": [
            40.69097900390625,
            -1.7442121505737305,
            -25.073862075805664
        ]
    },
    {
        "name": "Empty.039",
        "location": [
            40.49543380737305,
            -1.6213774681091309,
            -25.514650344848633
        ]
    },
    {
        "name": "Empty.040",
        "location": [
            46.47526931762695,
            -0.9890563488006592,
            -29.576223373413086
        ]
    },
    {
        "name": "Empty.041",
        "location": [
            42.90877151489258,
            0.5290979743003845,
            -36.219764709472656
        ]
    }
]