[
    {
        "name": "Empty",
        "location": [
            4.665308952331543,
            6.2124409675598145,
            -17.460304260253906
        ]
    },
    {
        "name": "Empty.001",
        "location": [
            -0.4536951184272766,
            4.924171447753906,
            -13.323975563049316
        ]
    },
    {
        "name": "Empty.002",
        "location": [
            0.8927715420722961,
            4.458201885223389,
            -6.946845531463623
        ]
    },
    {
        "name": "Empty.003",
        "location": [
            1.1563022136688232,
            4.567136764526367,
            -6.371285438537598
        ]
    },
    {
        "name": "Empty.004",
        "location": [
            -2.869154691696167,
            3.9630768299102783,
            -1.0735033750534058
        ]
    },
    {
        "name": "Empty.005",
        "location": [
            -0.5980825424194336,
            4.813744068145752,
            4.923395156860352
        ]
    },
    {
        "name": "Empty.006",
        "location": [
            -0.4566510021686554,
            4.701223850250244,
            5.569738864898682
        ]
    },
    {
        "name": "Empty.007",
        "location": [
            -2.8929831981658936,
            4.701522350311279,
            9.552254676818848
        ]
    },
    {
        "name": "Empty.008",
        "location": [
            -0.10709545761346817,
            5.835522174835205,
            12.289749145507812
        ]
    },
    {
        "name": "Empty.009",
        "location": [
            -0.08536074310541153,
            5.825689792633057,
            12.684022903442383
        ]
    },
    {
        "name": "Empty.010",
        "location": [
            -2.875053882598877,
            5.076137065887451,
            17.17816734313965
        ]
    },
    {
        "name": "Empty.011",
        "location": [
            2.779468297958374,
            6.813543796539307,
            19.154953002929688
        ]
    },
    {
        "name": "Empty.012",
        "location": [
            2.520752429962158,
            7.826283931732178,
            19.80568504333496
        ]
    },
    {
        "name": "Empty.013",
        "location": [
            1.4711260795593262,
            7.327683925628662,
            23.552358627319336
        ]
    },
    {
        "name": "Empty.014",
        "location": [
            5.146063804626465,
            9.824396133422852,
            24.60538673400879
        ]
    },
    {
        "name": "Empty.015",
        "location": [
            5.235281467437744,
            9.574752807617188,
            25.174884796142578
        ]
    },
    {
        "name": "Empty.016",
        "location": [
            6.399718761444092,
            8.320930480957031,
            29.797794342041016
        ]
    },
    {
        "name": "Empty.017",
        "location": [
            9.26788330078125,
            10.322394371032715,
            29.832014083862305
        ]
    },
    {
        "name": "Empty.018",
        "location": [
            9.561054229736328,
            10.201035499572754,
            30.052959442138672
        ]
    },
    {
        "name": "Empty.019",
        "location": [
            11.145367622375488,
            8.575798034667969,
            33.48661422729492
        ]
    },
    {
        "name": "Empty.020",
        "location": [
            14.141661643981934,
            10.324800491333008,
            33.07236862182617
        ]
    },
    {
        "name": "Empty.021",
        "location": [
            14.352776527404785,
            10.200457572937012,
            33.299842834472656
        ]
    },
    {
        "name": "Empty.022",
        "location": [
            16.521066665649414,
            8.699913024902344,
            35.826778411865234
        ]
    },
    {
        "name": "Empty.023",
        "location": [
            19.640565872192383,
            10.325902938842773,
            34.66767883300781
        ]
    },
    {
        "name": "Empty.024",
        "location": [
            19.96888542175293,
            10.321037292480469,
            34.54417037963867
        ]
    },
    {
        "name": "Empty.025",
        "location": [
            22.395536422729492,
            8.450663566589355,
            36.591270446777344
        ]
    },
    {
        "name": "Empty.026",
        "location": [
            26.12676429748535,
            9.200705528259277,
            34.657447814941406
        ]
    },
    {
        "name": "Empty.027",
        "location": [
            26.615036010742188,
            9.072951316833496,
            34.79877471923828
        ]
    },
    {
        "name": "Empty.028",
        "location": [
            29.7736873626709,
            5.952315807342529,
            36.8583869934082
        ]
    },
    {
        "name": "Empty.029",
        "location": [
            32.61408996582031,
            7.0650715827941895,
            32.28837203979492
        ]
    },
    {
        "name": "Empty.030",
        "location": [
            32.9025993347168,
            7.06181526184082,
            32.36968994140625
        ]
    },
    {
        "name": "Empty.031",
        "location": [
            37.52967071533203,
            5.71035623550415,
            33.561309814453125
        ]
    },
    {
        "name": "Empty.032",
        "location": [
            38.95616912841797,
            5.20160436630249,
            28.554092407226562
        ]
    },
    {
        "name": "Empty.033",
        "location": [
            39.30426788330078,
            5.323162078857422,
            28.278579711914062
        ]
    },
    {
        "name": "Empty.034",
        "location": [
            43.26844024658203,
            4.569465637207031,
            28.551286697387695
        ]
    },
    {
        "name": "Empty.035",
        "location": [
            44.706565856933594,
            4.198754787445068,
            24.302377700805664
        ]
    },
    {
        "name": "Empty.036",
        "location": [
            45.269405364990234,
            4.32666015625,
            23.97275733947754
        ]
    },
    {
        "name": "Empty.037",
        "location": [
            51.64802169799805,
            2.580876111984253,
            22.80592918395996
        ]
    },
    {
        "name": "Empty.038",
        "location": [
            53.647098541259766,
            2.84661865234375,
            16.677457809448242
        ]
    },
    {
        "name": "Empty.039",
        "location": [
            54.02190399169922,
            2.9639809131622314,
            16.17034912109375
        ]
    },
    {
        "name": "Empty.040",
        "location": [
            59.523048400878906,
            3.2033462524414062,
            14.0601224899292
        ]
    },
    {
        "name": "Empty.041",
        "location": [
            59.77393341064453,
            4.57905912399292,
            6.798575401306152
        ]
    }
]