[
    {
        "name": "Empty",
        "location": [
            -12.277921676635742,
            1.088465929031372,
            -35.4038200378418
        ]
    },
    {
        "name": "Empty.001",
        "location": [
            -16.17490005493164,
            -0.18036042153835297,
            -29.867223739624023
        ]
    },
    {
        "name": "Empty.002",
        "location": [
            -13.278684616088867,
            -1.447860598564148,
            -24.437847137451172
        ]
    },
    {
        "name": "Empty.003",
        "location": [
            -12.824932098388672,
            -1.4484896659851074,
            -23.49118995666504
        ]
    },
    {
        "name": "Empty.004",
        "location": [
            -14.155592918395996,
            -2.0680110454559326,
            -16.971786499023438
        ]
    },
    {
        "name": "Empty.005",
        "location": [
            -10.1543550491333,
            -1.448475956916809,
            -12.750288963317871
        ]
    },
    {
        "name": "Empty.006",
        "location": [
            -9.989562034606934,
            -2.0731217861175537,
            -11.738578796386719
        ]
    },
    {
        "name": "Empty.007",
        "location": [
            -10.40939712524414,
            -1.5658265352249146,
            -7.73532247543335
        ]
    },
    {
        "name": "Empty.008",
        "location": [
            -7.381049156188965,
            -1.3499475717544556,
            -5.7650909423828125
        ]
    },
    {
        "name": "Empty.009",
        "location": [
            -7.341119289398193,
            -1.5738911628723145,
            -4.989067554473877
        ]
    },
    {
        "name": "Empty.010",
        "location": [
            -7.301360130310059,
            -1.320297360420227,
            -0.09213414043188095
        ]
    },
    {
        "name": "Empty.011",
        "location": [
            -2.277639150619507,
            -0.946134626865387,
            0.06105249002575874
        ]
    },
    {
        "name": "Empty.012",
        "location": [
            -1.4619293212890625,
            0.17268586158752441,
            -0.3631927967071533
        ]
    },
    {
        "name": "Empty.013",
        "location": [
            -0.8137884736061096,
            -0.6941800713539124,
            4.9152727127075195
        ]
    },
    {
        "name": "Empty.014",
        "location": [
            2.476055145263672,
            1.5546278953552246,
            4.115463733673096
        ]
    },
    {
        "name": "Empty.015",
        "location": [
            2.772057056427002,
            1.5521957874298096,
            4.5068559646606445
        ]
    },
    {
        "name": "Empty.016",
        "location": [
            5.344925403594971,
            0.42818981409072876,
            7.947425842285156
        ]
    },
    {
        "name": "Empty.017",
        "location": [
            8.347262382507324,
            1.6868352890014648,
            7.491164207458496
        ]
    },
    {
        "name": "Empty.018",
        "location": [
            8.668481826782227,
            1.8039538860321045,
            7.763608455657959
        ]
    },
    {
        "name": "Empty.019",
        "location": [
            11.221208572387695,
            0.14692313969135284,
            9.872483253479004
        ]
    },
    {
        "name": "Empty.020",
        "location": [
            13.835651397705078,
            1.299644947052002,
            8.92441463470459
        ]
    },
    {
        "name": "Empty.021",
        "location": [
            14.242879867553711,
            1.1754801273345947,
            8.984733581542969
        ]
    },
    {
        "name": "Empty.022",
        "location": [
            16.971179962158203,
            -0.19741931557655334,
            10.220002174377441
        ]
    },
    {
        "name": "Empty.023",
        "location": [
            19.606590270996094,
            1.051893711090088,
            8.38477611541748
        ]
    },
    {
        "name": "Empty.024",
        "location": [
            19.98162269592285,
            1.0445985794067383,
            8.046664237976074
        ]
    },
    {
        "name": "Empty.025",
        "location": [
            22.846088409423828,
            -0.6976771354675293,
            8.824759483337402
        ]
    },
    {
        "name": "Empty.026",
        "location": [
            25.677038192749023,
            -0.44931769371032715,
            5.885400772094727
        ]
    },
    {
        "name": "Empty.027",
        "location": [
            25.971792221069336,
            -0.3294009864330292,
            5.564493656158447
        ]
    },
    {
        "name": "Empty.028",
        "location": [
            29.861326217651367,
            -3.446415424346924,
            6.14768648147583
        ]
    },
    {
        "name": "Empty.029",
        "location": [
            30.82524871826172,
            -2.5736067295074463,
            1.5083050727844238
        ]
    },
    {
        "name": "Empty.030",
        "location": [
            31.095460891723633,
            -2.6959757804870605,
            1.2007924318313599
        ]
    },
    {
        "name": "Empty.031",
        "location": [
            35.66267013549805,
            -4.572113513946533,
            0.8846815228462219
        ]
    },
    {
        "name": "Empty.032",
        "location": [
            35.45193099975586,
            -4.572251319885254,
            -4.344912528991699
        ]
    },
    {
        "name": "Empty.033",
        "location": [
            35.72074508666992,
            -4.700240135192871,
            -4.7817792892456055
        ]
    },
    {
        "name": "Empty.034",
        "location": [
            39.46718215942383,
            -5.696390628814697,
            -6.132700443267822
        ]
    },
    {
        "name": "Empty.035",
        "location": [
            38.961387634277344,
            -5.452012062072754,
            -10.87239933013916
        ]
    },
    {
        "name": "Empty.036",
        "location": [
            39.470970153808594,
            -5.44766902923584,
            -11.075361251831055
        ]
    },
    {
        "name": "Empty.037",
        "location": [
            45.10152816772461,
            -7.701925754547119,
            -13.869171142578125
        ]
    },
    {
        "name": "Empty.038",
        "location": [
            44.77330017089844,
            -6.82250452041626,
            -20.992921829223633
        ]
    },
    {
        "name": "Empty.039",
        "location": [
            44.83694076538086,
            -6.704282283782959,
            -21.564207077026367
        ]
    },
    {
        "name": "Empty.040",
        "location": [
            49.10342788696289,
            -5.803915023803711,
            -25.495182037353516
        ]
    },
    {
        "name": "Empty.041",
        "location": [
            46.47011184692383,
            -4.356629848480225,
            -32.59119415283203
        ]
    }
]