[
    {
        "name": "\u7a7a\u7269\u4f53.074",
        "location": [
            -10.933349609375,
            11.862443923950195,
            -26.335107803344727
        ]
    },
    {
        "name": "\u7a7a\u7269\u4f53.076",
        "location": [
            -8.605493545532227,
            13.498332023620605,
            -14.2107515335083
        ]
    },
    {
        "name": "\u7a7a\u7269\u4f53.078",
        "location": [
            -4.904799938201904,
            16.9903507232666,
            -5.334166526794434
        ]
    },
    {
        "name": "\u7a7a\u7269\u4f53.080",
        "location": [
            -1.210508108139038,
            19.615806579589844,
            1.887430191040039
        ]
    },
    {
        "name": "\u7a7a\u7269\u4f53.082",
        "location": [
            2.151473045349121,
            20.238685607910156,
            8.031120300292969
        ]
    },
    {
        "name": "\u7a7a\u7269\u4f53.084",
        "location": [
            8.1336669921875,
            21.863567352294922,
            12.674887657165527
        ]
    },
    {
        "name": "\u7a7a\u7269\u4f53.086",
        "location": [
            13.896934509277344,
            21.863168716430664,
            15.11793041229248
        ]
    },
    {
        "name": "\u7a7a\u7269\u4f53.088",
        "location": [
            19.147335052490234,
            21.988265991210938,
            15.696891784667969
        ]
    },
    {
        "name": "\u7a7a\u7269\u4f53.090",
        "location": [
            25.397384643554688,
            21.738597869873047,
            14.213196754455566
        ]
    },
    {
        "name": "\u7a7a\u7269\u4f53.092",
        "location": [
            31.651390075683594,
            19.23866844177246,
            10.542922019958496
        ]
    },
    {
        "name": "\u7a7a\u7269\u4f53.094",
        "location": [
            36.40778732299805,
            17.749135971069336,
            5.550090789794922
        ]
    },
    {
        "name": "\u7a7a\u7269\u4f53.096",
        "location": [
            41.278602600097656,
            15.869712829589844,
            -1.0799192190170288
        ]
    },
    {
        "name": "\u7a7a\u7269\u4f53.098",
        "location": [
            46.628353118896484,
            12.867470741271973,
            -9.083161354064941
        ]
    },
    {
        "name": "\u7a7a\u7269\u4f53.100",
        "location": [
            50.496856689453125,
            12.73892879486084,
            -20.710586547851562
        ]
    },
    {
        "name": "Empty",
        "location": [
            -6.352467060089111,
            11.737464904785156,
            -31.762815475463867
        ]
    },
    {
        "name": "Empty.001",
        "location": [
            -7.606866836547852,
            13.117805480957031,
            -20.32944107055664
        ]
    },
    {
        "name": "Empty.002",
        "location": [
            -6.963136672973633,
            12.988668441772461,
            -19.448318481445312
        ]
    },
    {
        "name": "Empty.003",
        "location": [
            -4.352304935455322,
            15.113364219665527,
            -9.25987720489502
        ]
    },
    {
        "name": "Empty.004",
        "location": [
            -4.001460552215576,
            15.238411903381348,
            -8.732206344604492
        ]
    },
    {
        "name": "Empty.005",
        "location": [
            -1.2273790836334229,
            17.363048553466797,
            -2.800903081893921
        ]
    },
    {
        "name": "Empty.006",
        "location": [
            -0.8476736545562744,
            17.488231658935547,
            -2.583080768585205
        ]
    },
    {
        "name": "Empty.007",
        "location": [
            2.1476802825927734,
            19.113901138305664,
            3.618351936340332
        ]
    },
    {
        "name": "Empty.008",
        "location": [
            2.261314868927002,
            19.36309242248535,
            4.026570796966553
        ]
    },
    {
        "name": "Empty.009",
        "location": [
            6.279122352600098,
            21.359004974365234,
            9.65616226196289
        ]
    },
    {
        "name": "Empty.010",
        "location": [
            6.47388219833374,
            21.488555908203125,
            9.91430950164795
        ]
    },
    {
        "name": "Empty.011",
        "location": [
            11.752059936523438,
            22.749454498291016,
            12.142889022827148
        ]
    },
    {
        "name": "Empty.012",
        "location": [
            11.973973274230957,
            22.238290786743164,
            13.289200782775879
        ]
    },
    {
        "name": "Empty.013",
        "location": [
            16.730016708374023,
            22.49444580078125,
            14.119341850280762
        ]
    },
    {
        "name": "Empty.014",
        "location": [
            17.0638484954834,
            22.48851776123047,
            14.289678573608398
        ]
    },
    {
        "name": "Empty.015",
        "location": [
            21.953567504882812,
            22.488876342773438,
            14.164031982421875
        ]
    },
    {
        "name": "Empty.016",
        "location": [
            22.28013801574707,
            22.366594314575195,
            13.801957130432129
        ]
    },
    {
        "name": "Empty.017",
        "location": [
            27.341947555541992,
            21.113525390625,
            11.664302825927734
        ]
    },
    {
        "name": "Empty.018",
        "location": [
            27.773101806640625,
            20.988374710083008,
            11.330434799194336
        ]
    },
    {
        "name": "Empty.019",
        "location": [
            32.55094909667969,
            19.98859405517578,
            6.289113998413086
        ]
    },
    {
        "name": "Empty.020",
        "location": [
            32.64837646484375,
            18.73690414428711,
            5.943509101867676
        ]
    },
    {
        "name": "Empty.021",
        "location": [
            37.101680755615234,
            17.113588333129883,
            0.789262592792511
        ]
    },
    {
        "name": "Empty.022",
        "location": [
            37.64754867553711,
            16.49958610534668,
            0.5441598892211914
        ]
    },
    {
        "name": "Empty.023",
        "location": [
            41.15504837036133,
            14.615294456481934,
            -5.083984851837158
        ]
    },
    {
        "name": "Empty.024",
        "location": [
            41.64743423461914,
            14.48801326751709,
            -5.555718898773193
        ]
    },
    {
        "name": "Empty.025",
        "location": [
            46.138946533203125,
            12.988603591918945,
            -15.325566291809082
        ]
    },
    {
        "name": "Empty.026",
        "location": [
            46.77330780029297,
            12.73922061920166,
            -16.40178680419922
        ]
    },
    {
        "name": "Empty.027",
        "location": [
            49.50448226928711,
            13.866412162780762,
            -26.813953399658203
        ]
    }
]