[
    {
        "name": "\u7a7a\u7269\u4f53.074",
        "location": [
            -1.2053394317626953,
            3.3882272243499756,
            -4.736836910247803
        ]
    },
    {
        "name": "\u7a7a\u7269\u4f53.076",
        "location": [
            -0.45321765542030334,
            2.625066041946411,
            7.274538040161133
        ]
    },
    {
        "name": "\u7a7a\u7269\u4f53.078",
        "location": [
            2.1012306213378906,
            3.760289430618286,
            17.40030860900879
        ]
    },
    {
        "name": "\u7a7a\u7269\u4f53.080",
        "location": [
            4.284440994262695,
            4.143552303314209,
            24.288711547851562
        ]
    },
    {
        "name": "\u7a7a\u7269\u4f53.082",
        "location": [
            7.521754741668701,
            4.00959587097168,
            32.30351638793945
        ]
    },
    {
        "name": "\u7a7a\u7269\u4f53.084",
        "location": [
            12.268951416015625,
            3.508527994155884,
            37.29662322998047
        ]
    },
    {
        "name": "\u7a7a\u7269\u4f53.086",
        "location": [
            17.544483184814453,
            2.1357104778289795,
            40.399383544921875
        ]
    },
    {
        "name": "\u7a7a\u7269\u4f53.088",
        "location": [
            22.79576873779297,
            1.3859819173812866,
            41.65119934082031
        ]
    },
    {
        "name": "\u7a7a\u7269\u4f53.090",
        "location": [
            28.416093826293945,
            0.6362505555152893,
            41.23278045654297
        ]
    },
    {
        "name": "\u7a7a\u7269\u4f53.092",
        "location": [
            35.201717376708984,
            -1.7421648502349854,
            38.174434661865234
        ]
    },
    {
        "name": "\u7a7a\u7269\u4f53.094",
        "location": [
            41.173118591308594,
            -2.2393078804016113,
            33.077518463134766
        ]
    },
    {
        "name": "\u7a7a\u7269\u4f53.096",
        "location": [
            46.41047668457031,
            -3.740053176879883,
            27.390562057495117
        ]
    },
    {
        "name": "\u7a7a\u7269\u4f53.098",
        "location": [
            52.66426467895508,
            -4.995664119720459,
            19.019399642944336
        ]
    },
    {
        "name": "\u7a7a\u7269\u4f53.100",
        "location": [
            58.5035514831543,
            -3.740194082260132,
            8.150213241577148
        ]
    },
    {
        "name": "Empty",
        "location": [
            3.299476385116577,
            5.516373157501221,
            -9.107673645019531
        ]
    },
    {
        "name": "Empty.001",
        "location": [
            1.569989562034607,
            3.009376287460327,
            1.3908205032348633
        ]
    },
    {
        "name": "Empty.002",
        "location": [
            1.6517210006713867,
            2.7671751976013184,
            2.2015764713287354
        ]
    },
    {
        "name": "Empty.003",
        "location": [
            2.7890732288360596,
            2.7601263523101807,
            12.81770133972168
        ]
    },
    {
        "name": "Empty.004",
        "location": [
            3.18976092338562,
            2.5099685192108154,
            13.416096687316895
        ]
    },
    {
        "name": "Empty.005",
        "location": [
            5.167903423309326,
            3.3842060565948486,
            20.014957427978516
        ]
    },
    {
        "name": "Empty.006",
        "location": [
            5.419265270233154,
            3.367250680923462,
            20.398862838745117
        ]
    },
    {
        "name": "Empty.007",
        "location": [
            7.167407035827637,
            3.2596800327301025,
            26.972103118896484
        ]
    },
    {
        "name": "Empty.008",
        "location": [
            7.0328779220581055,
            2.9943137168884277,
            27.811870574951172
        ]
    },
    {
        "name": "Empty.009",
        "location": [
            10.918730735778809,
            4.008673191070557,
            34.011192321777344
        ]
    },
    {
        "name": "Empty.010",
        "location": [
            11.062748908996582,
            3.6347882747650146,
            34.39625549316406
        ]
    },
    {
        "name": "Empty.011",
        "location": [
            16.034435272216797,
            4.019338607788086,
            37.6408805847168
        ]
    },
    {
        "name": "Empty.012",
        "location": [
            16.13077163696289,
            3.8843767642974854,
            38.52381896972656
        ]
    },
    {
        "name": "Empty.013",
        "location": [
            20.621408462524414,
            2.884793281555176,
            40.2735481262207
        ]
    },
    {
        "name": "Empty.014",
        "location": [
            21.087875366210938,
            2.7593538761138916,
            40.524139404296875
        ]
    },
    {
        "name": "Empty.015",
        "location": [
            25.920440673828125,
            2.262502908706665,
            41.01982498168945
        ]
    },
    {
        "name": "Empty.016",
        "location": [
            26.408308029174805,
            2.0093510150909424,
            40.79003143310547
        ]
    },
    {
        "name": "Empty.017",
        "location": [
            31.474605560302734,
            0.7585768699645996,
            38.774356842041016
        ]
    },
    {
        "name": "Empty.018",
        "location": [
            31.788618087768555,
            0.6419434547424316,
            38.28012466430664
        ]
    },
    {
        "name": "Empty.019",
        "location": [
            37.29738998413086,
            -0.11579912155866623,
            33.77672576904297
        ]
    },
    {
        "name": "Empty.020",
        "location": [
            37.41429901123047,
            -1.241010308265686,
            33.33140563964844
        ]
    },
    {
        "name": "Empty.021",
        "location": [
            42.40158462524414,
            -2.49013090133667,
            28.430891036987305
        ]
    },
    {
        "name": "Empty.022",
        "location": [
            42.79358673095703,
            -2.615835428237915,
            28.055416107177734
        ]
    },
    {
        "name": "Empty.023",
        "location": [
            47.092384338378906,
            -3.7404286861419678,
            22.77530288696289
        ]
    },
    {
        "name": "Empty.024",
        "location": [
            47.2946662902832,
            -3.866461753845215,
            22.2563419342041
        ]
    },
    {
        "name": "Empty.025",
        "location": [
            53.0,
            -4.0,
            13.0
        ]
    },
    {
        "name": "Empty.026",
        "location": [
            53.29187774658203,
            -3.866319179534912,
            12.199121475219727
        ]
    },
    {
        "name": "Empty.027",
        "location": [
            57.87929153442383,
            -1.3651994466781616,
            2.023711919784546
        ]
    }
]